{
    "type": "minecraft:block",
    "pools": [
      {
        "bonus_rolls": 0.0,
        "entries": [
          {
            "type": "minecraft:alternatives",
            "children": [
              {
                "type": "minecraft:item",
                "conditions": [
                  {
                    "condition": "minecraft:match_tool",
                    "predicate": {
                      "enchantments": [
                        {
                          "enchantment": "minecraft:quick_charge",
                          "levels": {
                            "min": 1
                          }
                        }
                      ]
                    }
                  }
                ],
                "name": "minecraft:copper_ingot"
              },
              {
                "type": "minecraft:item",
                "conditions": [
                  {
                    "condition": "minecraft:survives_explosion"
                  }
                ],
                "name": "minecraft:raw_copper"
              }
            ]
          }
        ],
        "rolls": 1.0
      }
    ],
    "random_sequence": "minecraft:blocks/stone"
  }